프렌차이즈,카테고리
오븐에꾸운닭,chicken
호호닭발,chicken
노랑통닭,chicken
스시마이우,sushi
정희옥스시,sushi
아웃닭,chicken
나무랑닭이랑,chicken
백소정,sushi
썬더치킨,chicken
델라고,pasta
호식이두마리치킨,chicken
맘스터치,burger
가마치통닭,chicken
꼬끼오,chicken
유로코피자,pizza
60계,chicken
만냥통닭,chicken
멕시카나치킨,chicken
BHC치킨,chicken
처갓집양념치킨,chicken
자담치킨,chicken
푸라닭치킨,chicken
마린파스타,pasta
타코비,sushi
옐로우피자,pizza
바른치킨,chicken
지코바양념치킨,chicken
마마초밥,sushi
킹갓성비,chicken
피자1번가,pizza
맥시칸치킨,chicken
836숯불바베큐치킨,chicken
굽네치킨,chicken
백년가마솥옛날통닭,chicken
청담피자,burger
노모어피자,pizza
첫눈에찜한닭,chicken
7번가피자,pizza
네네치킨,chicken
BBQ,chicken
DK치킨,chicken
꾸바꾸바,chicken
유가네닭갈비,chicken
마마도마,sushi
크라운닭발,chicken
담락참치일잔,sushi
KFC,burger
명랑핫도그,burger
꼬모도,pizza
파파존스,pizza
장수통닭,chicken
덮밥장사장,sushi
미쳐버린파닭,chicken
쌀통닭,chicken
네오피자,pizza
오지계,chicken
피자와썹,pizza
블레드,chicken
바담코다리,sushi
피자나라치킨공주,pizza
치킨신드롬,chicken
지코바,chicken
문진옥숯불바베큐치킨,chicken
코코브라운,pasta
고래섬,sushi
파스타집이야,pasta
장보고,sushi
불로만숯불바베큐,chicken
봉추찜닭,chicken
교촌치킨,chicken
소문난,sushi
봉수아피자,pizza
치몬치킨,chicken
정성숯불두마리치킨,chicken
뉴숯불통닭,chicken
후라이드참잘하는집,chicken
아라치,chicken
몽이두마리치킨,chicken
키햐아,sushi
꼴닭,chicken
에이스숯불치킨,chicken
남다른썬치킨,chicken
홍대개미,sushi
무봤나촌닭,chicken
도미노피자,pizza
낭만연어,sushi
두찜,chicken
금빛코다리어울림,sushi
원조옛날통닭,chicken
은하별,pasta
땅땅치킨,chicken
오븐마루치킨,chicken
충만치킨,chicken
칠칠켄터키,chicken
내가찜한닭,chicken
버거스올마이티,burger
우리동네아쿠아리움,sushi
피자덕,burger
마파람해물찜해물탕,sushi
마키,sushi
빵위에치즈,burger
고성통닭,chicken
더조은치킨,chicken
오동통치킨호프피자,chicken
신난쭈꾸미,sushi
피자스쿨,pizza
임실치즈피자,pizza
타코파파,sushi
와가야,sushi
페리카나,chicken
유가솜씨,chicken
미스터피자,pizza
까르보네,pasta
코지하우스,pasta
바다양푼이동태탕,sushi
피자뿌,pizza
해논산업,sushi
만타스시31,sushi
청년피자,pizza
비스트로피자,pizza
보울스,pasta
선인장식당,pasta
맥주를구한피자,pizza
수산명가,sushi
빅스타피자,pizza
투가이즈피자앤치킨,chicken
맥스버거,burger
순수치킨,chicken
다가치통닭,chicken
더옛날통닭,chicken
치퀸사계,chicken
브런치,pasta
빽보이피자,pizza
모넬로,pasta
프랭크버거,burger
피자플래넷,pizza
경아두마리치킨,chicken
롤링파스타,pasta
장보고수산센터,sushi
스푼필라프,pasta
부산산오징어,sushi
맥부리또,pasta
누구나홀딱반한닭,chicken
이마이치킨,chicken
오지버거,burger
소풍경,sushi
스시(SUSHI),sushi
찐이야,chicken
프레드피자,pizza
791버거트럭,burger
줄스,pasta
파슷타애요,pasta
오구쌀피자,burger
찌웅이네,chicken
꾸브라꼬숯불두마리치킨,chicken
매운불닭석쇠구이,chicken
홍어야,sushi
버거스테이지,burger
반올림피자샵,pizza
엄지척닭도리,chicken
백년옛날통닭,chicken
오닭꼬치,chicken
또봉이통닭,chicken
롯데리아,burger
오니기리와이규동,sushi
명랑시대쌀핫도그,burger
정직유부,sushi
뉴욕버거,burger
난바,sushi
버거킹,burger
