이름,카테고리
이응,pasta
초원,pasta
더산오징어,sushi
수제왕대박돈까스,pasta
태평양회참치,sushi
남산핏자,pizza
맛있는치킨,chicken
어플러스,sushi
수라이크,sushi
낙지로101,sushi
최가네착한초밥,sushi
요달의찜닭,chicken
비엔제이,pasta
유메노다이닝,sushi
박기모조방낙지,sushi
호호신닭발,chicken
대박횟집,sushi
테판야끼도리하츠코이,sushi
드로,pasta
청해스시,sushi
풍성한회나라,sushi
발렌타인경양식,pasta
막썰어횟집,sushi
부경그집쭈꾸미,sushi
최선장횟집,sushi
이츠키,sushi
신명가낙지,sushi
라비앙로즈,pasta
옥반상,sushi
난스시,sushi
여너,sushi
홍이네횟집,sushi
하루,pasta
야타이스시,sushi
구르메식당,pasta
어구야,sushi
서동코코,pasta
금정산성에누룩꽃이핀다,pasta
백년가마솥통닭,chicken
다계촌,chicken
구서회도매센타,sushi
똥다리불닭발,chicken
카레야,sushi
돈부리타쿠미,sushi
찜나라,sushi
바다사랑횟집,sushi
우마이,sushi
노다지물회,sushi
부부스시,sushi
신짜글이닭발,chicken
대궐횟집,sushi
동서낙지볶음삼계탕,sushi
흙,pasta
부어치킨,chicken
도도횟집,sushi
소울메이트,pasta
별뚱별닭강정&치킨,chicken
꼬꼬아찌숯불치킨,chicken
이니아디저트까페,pasta
명수정,sushi
진진일품물횟집,sushi
베란다치즈,pasta
남해자연산전문횟집,sushi
스시미도리,sushi
벨라루나,pasta
베네토피자,pizza
리멘시타,pasta
오드리햅번,pasta
청해정,sushi
석산횟집,sushi
밤비나,pasta
히게,burger
안동집,chicken
고순회마트,sushi
대성관초밥,sushi
원조조방낙지,sushi
성덕수산,sushi
삼삼오오,pasta
청춘닭발,chicken
청담동대구뽈찜아구찜,sushi
가젠스시,sushi
정성상회,chicken
해쉬,pasta
제이스타,pasta
거복,sushi
한바다횟집,sushi
하단닭도리,chicken
삼천포횟집,sushi
몽크,pasta
배꼽시계,chicken
오륙도낙지,sushi
밤비노72,pasta
살아있네문어,sushi
명소횟집,sushi
회식,sushi
토모,sushi
대성수산,sushi
신촌참치,sushi
동해회도매집,sushi
혼토스시,sushi
원조조방낙지,sushi
신천닭도리,chicken
호주에서온스시,sushi
원참가자미횟집,sushi
칼슘왕멸치쌈밥,sushi
텐동롯코,sushi
와와횟집,sushi
오뚜기횟집,sushi
하루돈부리,sushi
형제닭도리,chicken
선참치,sushi
모노클앤제이,pasta
노가,sushi
남산회도매,sushi
모시모시,sushi
카레모모,sushi
땡삼이닭도리,chicken
스시심타카이,sushi
안동뽈찜,sushi
구세리1990,pasta
부자닭한마리칼국수,chicken
서양식당,pasta
하나이미,sushi
한울타리,sushi
문진옥숯불바베큐,chicken
동해바다,sushi
일디오보,pasta
컬러드,pasta
크레딧버거,burger
리틀프랑,pasta
이찌로,sushi
바로바로도매횟집,sushi
구수원지횟집,sushi
조이치킨백화점,chicken
가고파대구뽈찜,sushi
몽포트,pasta
우쭈쭈,sushi
관계,chicken
금샘횟집,sushi
칠암회맛집,sushi
야마벤또,sushi
대밭집,chicken
김윤정숯불양념통닭,chicken
벌교꼬막정식,sushi
로꼬꼬싸롱,chicken
동경초밥,sushi
여기가영풍횟집,sushi
황금,pasta
선어횟집,sushi
퇴근길회도매수산,sushi
수평선횟집,sushi
라이크오프,pasta
송림장,sushi
섬진강재첩국,sushi
오메가메,sushi
금정어가,sushi
성은통닭,chicken
비스트로PS,pasta
금정터,sushi
해물천국,sushi
서해낙지,sushi
대양회직판장,sushi
교토밥상,sushi
별궁아구찜,sushi
남산시장횟집,sushi
상선도매횟집,sushi
꾼2013,sushi
호호닭집,chicken
진부령황태탕,sushi
팔복통닭,chicken
무,pasta
파스타빈치,pasta
골목집,sushi
키노,pasta
날애,pasta
충무대구탕,sushi
창녕두부집,chicken
고성대흥횟집,sushi
싸리초밥,sushi
베이스먼트,pasta
기장방우횟집,sushi
포항임곡물회,sushi
오이시이푸드,sushi
바이트사이트,pasta
씨포그(SEEFOG),sushi
다이와,sushi
동현횟집,sushi
천하대장군집,chicken
치킨&마늘통닭,chicken
생생모밀,sushi
줄리아키친,pasta
열도횟집,sushi
물고기자리,sushi
해바다,pasta
오륜대향어회,sushi
바로바로도매횟집,sushi
포구나무집,chicken
성안집,chicken
경주집,chicken
1등닭발집,chicken
이태리홍게아저씨,pasta
파르코1023,pasta
스시완,sushi
삼바리,sushi
블라썸테이블,pasta
묵찌빠,pasta
이플다이닝,pasta
연심,sushi
레스토랑우디,pasta
이랑공동체,sushi
닭장옛날통닭,chicken
미가참치,sushi
홀닭,chicken
참치무라,sushi
녹산횟집,sushi
펠로,pasta
통영생선구이,sushi
이수초밥,sushi
덕수파스타,pasta
동해포장횟집,sushi
선해횟집,sushi
봄스시,sushi
야끼몬,sushi
가든테이블,pasta
대환컴퍼니,sushi
금호회관,sushi
에이스치킨,chicken
호작,pasta
뚱이네생선구이,sushi
스나쿠,sushi
청년쉐프들2,pasta
매화커피,pasta
코베지,pasta
쉐기욤,pasta
디노이레스토랑,pasta
호주에서온스시,sushi
중독떡볶이,chicken
샐러드를부탁해,burger
그린그린,burger
히다마리,sushi
생명꼬치,chicken
